Access Billing Services,,,,,,,,,,,,,,,,,,,,,,,,,
"TA / PETRO PRICING WORKSHEET, For: TRANSPORTATION STAFFING SER Effective Date: 03/02/2015",,,,,,,,,,,,,,,,,,,,,,,,,
* Reflects Deal Change in last 45 Calendar Days,,,,,,,,,,,,,,,,,,,,,,,,,
***RETAIL PRICES ARE SUBJECT TO CHANGE AT ANY TIME***,,,,,,,,,,,,,,,,,,,,,,,,,
Number of deals that changed: 1,,,,,  INDEXED BASE PRICING (IBP) COMPONENTS  ,,,,,,,,,,,,,,,Retail Less @05:37 AM,,,,,
Loc,Loc,,,Third Party,Price-Based Rack,Opis,Product,* Deal Chg,Deal Eff.,,,Fed.,State,Sales,State,Other,Additive,IBP,IBP,Retail,Retail,Retail,Fuel,Savings,Bulk DEF
Type,#,Travel Center,ST,Merchant ID,(City/State),Rack ID,Dispensed,,Date,Index,Freight,Tax,Tax,Tax,UST,Tax,/ CAR Fee,Adjustment,Fuel Price,Price,Factor,Fuel Price,Price,Total,Price
CORP,5005,TA TUSCALOOSA                 ,AL,AL333     ,"BIRMINGHAM, AL                ",615,DIESEL ULTRA LOW SULFUR       ,,5/5/2011,2.0248,0.037,0.244,0.19,0,0.01,0.0194,0,0.01,2.5352,2.759,-0.09,2.669,2.535,,2.859
CORP,6352,PETRO GADSDEN                 ,AL,AL383     ,"BIRMINGHAM, AL                ",615,DIESEL ULTRA LOW SULFUR       ,,8/2/2012,2.0248,0.06,0.244,0.19,0,0.01,0.0294,0,0.03,2.5882,2.789,-0.04,2.749,2.588,,2.799
CORP,778,TA MOBILE                     ,AL,AL072     ,"MOBILE, AL                    ",715,DIESEL ULTRA LOW SULFUR       ,,5/5/2011,1.9739,0.0348,0.244,0.19,0,0.01,0.0294,0,0.01,2.4921,2.859,-0.13,2.729,2.492,,2.859
FRAN,6397,PETRO DODGE CITY              ,AL,AL380     ,,,,*,2/9/2015,,,,,,,,,,,2.759,0,2.759,2.759,,2.849
CORP,6260,TA LINCOLN                    ,AL,AL260     ,"BIRMINGHAM, AL                ",615,DIESEL ULTRA LOW SULFUR       ,,12/17/2014,2.0248,0.0385,0.244,0.19,0,0.01,0.0294,0,0.01,2.5467,2.799,-0.09,2.709,2.547,,3.199
CORP,6319,PETRO BUCKSVILLE              ,AL,AL283     ,"BIRMINGHAM, AL                ",615,DIESEL ULTRA LOW SULFUR       ,,8/2/2012,2.0248,0.0294,0.244,0.19,0,0.01,0.0194,0,0.04,2.5576,2.759,-0.04,2.719,2.558,,2.859
FRAN,723,TA MONTGOMERY                 ,AL,AL085     ,"MONTGOMERY, AL                ",720,DIESEL ULTRA LOW SULFUR       ,,5/21/2009,2.0141,0.046,0.244,0.19,0,0.01,0.0594,0,0.04,2.6035,2.899,0,2.899,2.604,,2.899
CORP,6348,PETRO SHORTER                 ,AL,AL361     ,"MONTGOMERY, AL                ",720,DIESEL ULTRA LOW SULFUR       ,,8/2/2012,2.0141,0.0231,0.244,0.19,0,0.01,0.0594,0,0.02,2.5606,2.929,-0.04,2.889,2.561,,2.929
CORP,5006,TA EARLE                      ,AR,AR040     ,"MEMPHIS, TN                   ",435,DIESEL ULTRA LOW SULFUR       ,,5/5/2011,2.0294,0.0284,0.244,0.225,0,0.003,0.0024,0,-0.02,2.5122,2.879,-0.12,2.759,2.512,,2.849
CORP,6326,PETRO N LITTLE ROCK           ,AR,AR307     ,"EL DORADO, AR                 ",635,DIESEL ULTRA LOW SULFUR       ,,8/2/2012,2.0479,0.0195,0.244,0.225,0,0.003,0.0019,0,0.02,2.5613,2.919,-0.04,2.879,2.561,,2.849
CORP,6224,TA PRESCOTT                   ,AR,AR273     ,"EL DORADO, AR                 ",635,DIESEL ULTRA LOW SULFUR       ,,5/5/2011,2.0479,0.0462,0.244,0.225,0,0.003,0.0019,0,0.01,2.578,2.879,-0.16,2.719,2.578,,2.849
CORP,6311,PETRO W MEMPHIS               ,AR,AR375     ,"MEMPHIS, TN                   ",435,DIESEL ULTRA LOW SULFUR       ,,2/18/2011,2.0294,0.0201,0.244,0.225,0,0.003,0.0024,0,0.02,2.5439,2.879,-0.04,2.839,2.544,,2.849
CORP,5002,TA ELOY                       ,AZ,AZ189     ,"PHOENIX, AZ                   ",930,DIESEL BIO ULTRA LS 15%       ,,5/5/2011,2.0503,0.0383,0.244,0.26,0,0.01,0.0019,0,0,2.6045,2.839,-0.05,2.789,2.605,,2.849
CORP,6306,PETRO ELOY                    ,AZ,AZ182     ,"PHOENIX, AZ                   ",930,DIESEL BIO ULTRA LS 15%       ,,8/2/2012,2.0503,0.0384,0.244,0.26,0,0,0.0019,0,0.03,2.6246,2.839,-0.02,2.819,2.625,,2.849
CORP,6246,TA HOLBROOK                   ,AZ,AZ456     ,"ALBUQUERQUE, NM               ",580,DIESEL ULTRA LOW SULFUR       ,,1/18/2013,2.103,0.0867,0.244,0.26,0,0,0.0019,0,0.01,2.7056,2.959,-0.06,2.899,2.706,,2.849
CORP,439,TA KINGMAN                    ,AZ,AZ012     ,"LAS VEGAS, NV                 ",910,DIESEL ULTRA LOW SULFUR       ,,5/5/2011,2.1007,0.0775,0.244,0.26,0,0.01,0.0019,0,0,2.6941,2.959,-0.05,2.909,2.694,,2.849
CORP,6315,PETRO KINGMAN                 ,AZ,AZ158     ,"LAS VEGAS, NV                 ",910,DIESEL ULTRA LOW SULFUR       ,,8/2/2012,2.1007,0.0775,0.244,0.26,0,0,0.0019,0,0.03,2.7141,2.959,-0.02,2.939,2.714,,2.849
CORP,6315,PETRO KINGMAN                 ,AZ,AZ184     ,"LAS VEGAS, NV                 ",910,DIESEL ULTRA LOW SULFUR       ,,8/2/2012,2.1007,0.0775,0.244,0.26,0,0,0.0019,0,0.03,2.7141,2.959,-0.02,2.939,2.714,,2.849
CORP,6225,TA TONOPAH                    ,AZ,AZ061     ,"PHOENIX, AZ                   ",930,DIESEL BIO ULTRA LS 15%       ,,5/5/2011,2.0503,0.04,0.244,0.26,0,0.01,0.0019,0,0,2.6062,2.839,-0.05,2.789,2.606,,2.849
CORP,6226,TA WILLCOX                    ,AZ,AZ065     ,"TUCSON, AZ                    ",980,DIESEL BIO ULTRA LS 10%       ,,5/5/2011,2.1298,0.0488,0.244,0.26,0,0,0.0019,0,0,2.6845,2.759,-0.05,2.709,2.685,,2.879
CORP,6239,TA WHEELER RIDGE              ,CA,CA829     ,"BAKERSFIELD, CA               ",858,DIESEL CARB ULTRA LOW SULFUR  ,,5/5/2011,2.1804,0.0337,0.244,0.11,0.2415,0.02,0.0019,0.1211,0.01,2.9626,3.219,-0.07,3.149,2.963,,2.849
CORP,6227,TA BARSTOW                    ,CA,CA226     ,"BARSTOW, CA                   ",860,DIESEL CARB ULTRA LOW SULFUR  ,,5/5/2011,2.0424,0.0285,0.244,0.11,0.2396,0.02,0.0019,0.1211,0,2.8075,3.199,-0.05,3.149,2.808,,2.849
CORP,429,TA BUTTONWILLOW               ,CA,CA015     ,"BAKERSFIELD, CA               ",858,DIESEL CARB ULTRA LOW SULFUR  ,,5/5/2011,2.1804,0.0433,0.244,0.11,0.2424,0.02,0.0019,0.1211,0.01,2.9731,3.219,-0.11,3.109,2.973,,2.849
CORP,429,TA BUTTONWILLOW               ,CA,CA064     ,"BAKERSFIELD, CA               ",858,DIESEL CARB ULTRA LOW SULFUR  ,,5/5/2011,2.1804,0.0433,0.244,0.11,0.2424,0.02,0.0019,0.1211,0.01,2.9731,3.219,-0.11,3.109,2.973,,2.849
CORP,5050,TA COACHELLA                  ,CA,CA502     ,"COLTON,CA                     ",870,DIESEL CARB ULTRA LOW SULFUR  ,,5/5/2011,2.0519,0.0708,0.244,0.11,0.2457,0.02,0.0019,0.1211,0.01,2.8754,3.219,-0.09,3.129,2.875,,2.849
CORP,5051,TA CORNING                    ,CA,CA035     ,"CHICO, CA                     ",866,DIESEL CARB ULTRA LOW SULFUR  ,,2/18/2011,2.1225,0.028,0.244,0.11,0.2356,0.02,0.0019,0.1211,0.01,2.8931,3.199,-0.05,3.149,2.893,,2.849
CORP,6309,PETRO CORNING                 ,CA,CA519     ,"CHICO, CA                     ",866,DIESEL CARB ULTRA LOW SULFUR  ,,8/2/2012,2.1225,0.0289,0.244,0.11,0.2385,0.02,0.0019,0.1211,0.04,2.9269,3.199,-0.02,3.179,2.927,,2.849
CORP,6327,PETRO WHEELER RIDGE           ,CA,CA930     ,"BAKERSFIELD, CA               ",858,DIESEL CARB ULTRA LOW SULFUR  ,,8/2/2012,2.1804,0.0346,0.244,0.11,0.2444,0.02,0.0019,0.1211,0.04,2.9964,3.219,-0.04,3.179,2.996,,2.849
CORP,6170,TA LIVINGSTON                 ,CA,CA246     ,STOCKTON CA                   ,975,DIESEL CARB ULTRA LOW SULFUR  ,,5/5/2011,2.1181,0.0513,0.244,0.11,0.2374,0.02,0.0019,0.1211,0.01,2.9138,3.199,-0.06,3.139,2.914,,2.849
CORP,417,TA ONTARIO WEST               ,CA,CA172     ,"COLTON,CA                     ",870,DIESEL CARB ULTRA LOW SULFUR  ,,5/5/2011,2.0519,0.0475,0.244,0.11,0.2424,0.02,0.0019,0.1211,0,2.8388,3.219,-0.1,3.119,2.839,,2.849
CORP,5007,PETRO ONTARIO EAST            ,CA,CA264     ,"COLTON,CA                     ",870,DIESEL CARB ULTRA LOW SULFUR  ,,5/5/2011,2.0519,0.0475,0.244,0.11,0.2424,0.02,0.0019,0.1211,0,2.8388,3.219,-0.1,3.119,2.839,,2.849
CORP,433,TA REDDING                    ,CA,CA088     ,"CHICO, CA                     ",866,DIESEL CARB ULTRA LOW SULFUR  ,,2/18/2011,2.1225,0.0544,0.244,0.11,0.2381,0.02,0.0019,0.1211,0.01,2.922,3.219,-0.05,3.169,2.922,,2.849
CORP,431,TA SANTA NELLA                ,CA,CA097     ,STOCKTON CA                   ,975,DIESEL CARB ULTRA LOW SULFUR  ,,2/18/2011,2.1181,0.0558,0.244,0.11,0.2378,0.02,0.0019,0.1211,0.01,2.9187,3.199,-0.05,3.149,2.919,,2.849
CORP,6346,PETRO SANTA NELLA             ,CA,CA806     ,STOCKTON CA                   ,975,DIESEL CARB ULTRA LOW SULFUR  ,,8/2/2012,2.1181,0.0578,0.244,0.11,0.2408,0.02,0.0019,0.1211,0.04,2.9537,3.199,-0.02,3.179,2.954,,2.849
CORP,5070,TA COMMERCE CITY              ,CO,CO302     ,"DENVER,CO                     ",800,DIESEL ULTRA LOW SULFUR       ,,5/5/2011,2.0168,0.026,0.244,0.205,0,0,0.0144,0,0.01,2.5162,2.819,-0.07,2.749,2.516,,2.859
CORP,6399,PETRO JOHNSONS CORNER         ,CO,CO098     ,,,,,,,,,,,,,,,,2.779,0,2.779,2.779,,3.199
CORP,6228,TA LIMON                      ,CO,CO062     ,"DENVER,CO                     ",800,DIESEL ULTRA LOW SULFUR       ,,5/5/2011,2.0168,0.0567,0.244,0.205,0,0,0.0144,0,0.01,2.5469,2.819,-0.06,2.759,2.547,,2.859
CORP,432,TA WHEAT RIDGE                ,CO,CO254     ,"DENVER,CO                     ",800,DIESEL ULTRA LOW SULFUR       ,,5/5/2011,2.0168,0.0273,0.244,0.205,0,0,0.0144,0,0.01,2.5175,2.819,-0.07,2.749,2.518,,2.859
CORP,115,TA NEW HAVEN                  ,CT,CT010     ,"NEW HAVEN, CT                 ",100,DIESEL ULTRA LOW SULFUR       ,,8/2/2012,2.4215,0.0247,0.244,0.545,0,0,0.0019,0,0.01,3.2471,3.569,-0.05,3.519,3.247,,2.969
CORP,5079,TA SOUTHINGTON                ,CT,CT070     ,"NEW HAVEN, CT                 ",100,DIESEL ULTRA LOW SULFUR       ,,2/18/2011,2.4215,0.0396,0.244,0.545,0,0,0.0019,0,0.01,3.262,3.569,-0.05,3.519,3.262,,2.959
CORP,5009,TA WILLINGTON                 ,CT,CT112     ,"NEW HAVEN, CT                 ",100,DIESEL ULTRA LOW SULFUR       ,,2/18/2011,2.4215,0.049,0.244,0.545,0,0,0.0019,0,0.01,3.2714,3.569,-0.05,3.519,3.271,,2.969
CORP,6247,TA BALDWIN                    ,FL,FL362     ,"JACKSONVILLE, FL              ",75,DIESEL ULTRA LOW SULFUR       ,,11/28/2012,2.1618,0.0296,0.244,0.173,0,0.0207,0.1449,0,0,2.774,3.069,-0.05,3.019,2.774,,2.859
CORP,6248,TA JACKSONVILLE SOUTH         ,FL,FL279     ,"JACKSONVILLE, FL              ",75,DIESEL ULTRA LOW SULFUR       ,,11/29/2012,2.1618,0.0396,0.244,0.173,0,0.0207,0.1449,0,0,2.784,3.069,-0.05,3.019,2.784,,2.859
CORP,605,TA MARIANNA                   ,FL,FL071     ,"BAINBRIDGE, GA                ",20,DIESEL ULTRA LOW SULFUR       ,,5/5/2011,2.0302,0.0369,0.244,0.173,0,0.0207,0.1449,0,0.01,2.6597,2.999,-0.1,2.899,2.66,,2.859
CORP,6323,PETRO OCALA                   ,FL,FL652     ,"TAMPA, FL                     ",225,DIESEL ULTRA LOW SULFUR       ,,8/2/2012,2.2479,0.0629,0.244,0.173,0,0.0207,0.1449,0,0.02,2.9134,3.019,-0.04,2.979,2.913,,2.859
CORP,5084,TA TAMPA                      ,FL,FL969     ,"TAMPA, FL                     ",225,DIESEL ULTRA LOW SULFUR       ,,5/5/2011,2.2479,0.027,0.244,0.173,0,0.0207,0.1449,0,0,2.8575,3.059,-0.05,3.009,2.858,,2.859
CORP,672,TA VERO BEACH                 ,FL,FL320     ,"MIAMI, FL                     ",95,DIESEL ULTRA LOW SULFUR       ,,5/5/2011,2.2914,0.051,0.244,0.173,0,0.0207,0.1449,0,0,2.925,3.059,-0.05,3.009,2.925,,2.859
CORP,656,TA WILDWOOD                   ,FL,FL351     ,"TAMPA, FL                     ",225,DIESEL ULTRA LOW SULFUR       ,,5/5/2011,2.2479,0.0575,0.244,0.173,0,0.0207,0.1449,0,0,2.888,3.039,-0.05,2.989,2.888,,2.859
CORP,6322,PETRO ATLANTA                 ,GA,GA428     ,"ATLANTA, GA                   ",18,DIESEL ULTRA LOW SULFUR       ,,2/18/2011,2.0733,0.0262,0.244,0.213,0,0.0075,0.1284,0,-0.01,2.6824,3.049,-0.055,2.994,2.682,,2.849
CORP,6258,TA BRUNSWICK                  ,GA,GA979     ,"JACKSONVILLE, FL              ",75,DIESEL ULTRA LOW SULFUR       ,,1/5/2014,2.1618,0.0525,0.244,0.213,0,0.0075,0.0656,0,-0.03,2.7144,2.939,-0.05,2.889,2.714,,2.849
CORP,6377,PETRO CARNESVILLE             ,GA,GA547     ,"ATHENS, GA                    ",16,DIESEL BIO ULTRA LS 10%       ,,8/2/2012,2.0836,0.037,0.244,0.213,0,0.0075,0.0968,0,0.03,2.7119,2.899,-0.04,2.859,2.712,,2.849
CORP,5071,TA CARTERSVILLE               ,GA,GA835     ,"ROME, GA                      ",193,DIESEL ULTRA LOW SULFUR       ,,9/12/2012,2.1047,0.0286,0.244,0.213,0,0.0075,0.0968,0,-0.01,2.6846,2.829,-0.05,2.779,2.685,,2.849
CORP,677,TA COMMERCE                   ,GA,GA034     ,"ATHENS, GA                    ",16,DIESEL BIO ULTRA LS 10%       ,,9/12/2012,2.0836,0.0207,0.244,0.213,0,0.0075,0.0968,0,0,2.6656,2.899,-0.05,2.849,2.666,,2.849
FRAN,675,TA ATLANTA SOUTH              ,GA,GA171     ,"ATLANTA, GA                   ",18,DIESEL ULTRA LOW SULFUR       ,,7/10/2009,2.0733,0.07,0.244,0.213,0,0.0075,0.0968,0,0.04,2.7446,2.899,-0.06,2.839,2.745,,2.899
CORP,6344,PETRO KINGSLAND               ,GA,GA314     ,"JACKSONVILLE, FL              ",75,DIESEL ULTRA LOW SULFUR       ,,2/18/2011,2.1618,0.0425,0.244,0.213,0,0.0075,0.0968,0,0.01,2.7756,2.919,-0.05,2.869,2.776,,2.849
CORP,6249,TA LAKE PARK                  ,GA,GA131     ,"BAINBRIDGE, GA                ",20,DIESEL ULTRA LOW SULFUR       ,,11/27/2012,2.0302,0.0587,0.244,0.213,0,0.0075,0.0968,0,0.01,2.6602,2.919,-0.1,2.819,2.66,,2.849
CORP,676,TA MADISON                    ,GA,GA196     ,"ATHENS, GA                    ",16,DIESEL BIO ULTRA LS 10%       ,,5/5/2011,2.0836,0.0415,0.244,0.213,0,0.0075,0.0968,0,0,2.6864,2.939,-0.07,2.869,2.686,,2.849
CORP,604,TA SAVANNAH                   ,GA,GA222     ,"SAVANNAH, GA                  ",195,DIESEL ULTRA LOW SULFUR       ,,12/19/2012,2.2087,0.0252,0.244,0.213,0,0.0075,0.0968,0,-0.03,2.7652,2.969,-0.05,2.919,2.765,,2.849
CORP,6254,TA BROOKLYN                   ,IA,IA302     ,"IOWA CITY, IA                 ",380,DIESEL BIO ULTRA LS 10%       ,,4/30/2014,2.0518,0.0685,0.244,0.325,0,0.01,0.0019,0,0.01,2.7112,2.799,-0.05,2.749,2.711,,2.849
CORP,528,TA COUNCIL BLUFFS             ,IA,IA264     ,"COUNCIL BLUFFS, IA            ",319,DIESEL ULTRA LOW SULFUR       ,,2/18/2011,2.0572,0.0217,0.244,0.325,0,0.01,0.0019,0,0.01,2.6698,2.919,-0.05,2.869,2.67,,2.849
FRAN,5015,TA WALCOTT                    ,IA,IA081     ,"BETTENDORF, IA                ",270,DIESEL BIO ULTRA LS 5%        ,,5/21/2009,2.0666,0.0275,0.244,0.325,0,0.01,0.0019,0,0.04,2.715,2.939,0,2.939,2.715,,2.799
CORP,5053,TA BOISE                      ,ID,ID002     ,"BOISE, ID                     ",785,DIESEL ULTRA LOW SULFUR       ,,2/18/2011,2.2066,0.0221,0.244,0.25,0,0,0.0119,0,0.01,2.7446,2.999,-0.05,2.949,2.745,,2.869
CORP,322,TA BLOOMINGTON                ,IL,IL017     ,"CHAMPAIGN, IL                 ",280,DIESEL BIO ULTRA LS 11%       ,,5/5/2011,2.0215,0.0239,0.244,0.215,0.1738,0.011,0.0419,0,-0.1,2.6311,2.919,-0.1,2.819,2.631,,2.849
CORP,5001,TA EFFINGHAM                  ,IL,IL045     ,"WOOD RIVER, IL                ",574,DIESEL BIO ULTRA LS 11%       ,,5/5/2011,2.0486,0.039,0.244,0.215,0.1459,0.011,0.0019,0,-0.1,2.6054,2.969,-0.1,2.869,2.605,,2.849
CORP,6321,PETRO EFFINGHAM               ,IL,IL429     ,"WOOD RIVER, IL                ",574,DIESEL BIO ULTRA LS 11%       ,,8/2/2012,2.0486,0.039,0.244,0.215,0.1537,0.011,0.0019,0,0.02,2.7332,2.969,-0.04,2.929,2.733,,2.849
CORP,342,TA ELGIN                      ,IL,IL066     ,"CHICAGO, IL                   ",290,DIESEL BIO ULTRA LS 11%       ,,5/5/2011,2.0217,0.0435,0.244,0.215,0.1583,0.011,0.0419,0,-0.1,2.6354,2.959,-0.1,2.859,2.635,,2.849
CORP,6367,PETRO MONEE                   ,IL,IL153     ,"CHICAGO, IL                   ",290,DIESEL BIO ULTRA LS 11%       ,,7/10/2009,2.0217,0.042,0.244,0.215,0.1896,0.011,0.0119,0,0.04,2.7752,2.959,0,2.959,2.775,,2.849
CORP,6236,TA MORRIS                     ,IL,IL956     ,"CHICAGO, IL                   ",290,DIESEL BIO ULTRA LS 11%       ,,5/5/2011,2.0217,0.0292,0.244,0.215,0.138,0.011,0.0019,0,-0.1,2.5608,2.919,-0.1,2.819,2.561,,2.849
CORP,319,TA MT VERNON                  ,IL,IL359     ,"WOOD RIVER, IL                ",574,DIESEL BIO ULTRA LS 11%       ,,5/5/2011,2.0486,0.0587,0.244,0.215,0.1827,0.011,0.0219,0,-0.1,2.6819,2.969,-0.1,2.869,2.682,,2.849
FRAN,4359,PETRO ROCHELLE - BIO          ,IL,IL942     ,"ROCKFORD, IL                  ",520,DIESEL BIO ULTRA LS 11%       ,,7/10/2009,2.0495,0.0255,0.244,0.215,0.1667,0.011,0.0019,0,0.05,2.7636,2.849,0,2.849,2.764,,
FRAN,6359,PETRO ROCHELLE - ULSD         ,IL,IL462     ,"ROCKFORD, IL                  ",520,DIESEL ULTRA LOW SULFUR       ,,7/10/2009,2.0495,0.0255,0.244,0.215,0.1667,0.011,0.0019,0,0.05,2.7636,3.099,0,3.099,2.764,,
CORP,5012,TA CHICAGO NORTH              ,IL,IL388     ,"MILWAUKEE, WI                 ",444,DIESEL BIO ULTRA LS 11%       ,,5/5/2011,2.0449,0.0479,0.244,0.215,0.1575,0.011,0.0019,0,-0.1,2.6222,3.039,-0.1,2.939,2.622,,2.849
CORP,5199,TA TROY                       ,IL,IL830     ,"WOOD RIVER, IL                ",574,DIESEL BIO ULTRA LS 11%       ,,5/5/2011,2.0486,0.0265,0.244,0.215,0.1529,0.011,0.0019,0,-0.1,2.5999,2.969,-0.1,2.869,2.6,,2.849
CORP,6345,PETRO ANGOLA                  ,IN,IN782     ,"TOLEDO, OH                    ",550,DIESEL ULTRA LOW SULFUR       ,,8/2/2012,2.1251,0.0547,0.244,0.16,0,0,0.0119,0,0.02,2.6157,2.759,-0.04,2.719,2.616,,2.859
CORP,6376,PETRO BRAZIL                  ,IN,IN770     ,"INDIANAPOLIS, IN              ",375,DIESEL ULTRA LOW SULFUR       ,,9/14/2011,2.1426,0.0561,0.244,0.16,0,0,0.0119,0,0.02,2.6346,2.769,-0.04,2.729,2.635,,2.859
CORP,6257,TA CLAYTON                    ,IN,IN556     ,"INDIANAPOLIS, IN              ",375,DIESEL ULTRA LOW SULFUR       ,,8/2/2012,2.1426,0.0344,0.244,0.16,0,0,0.0119,0,0.01,2.6029,2.709,-0.06,2.649,2.603,,2.819
CORP,6241,TA DEMOTTE                    ,IN,IN809     ,"HAMMOND,IN                    ",365,DIESEL BIO ULTRA LS 11%       ,,8/2/2012,2.0194,0.0362,0.244,0.16,0,0,0.0119,0,0.01,2.4815,2.739,-0.05,2.689,2.482,,2.859
CORP,5013,TA GARY                       ,IN,IN109     ,"HAMMOND,IN                    ",365,DIESEL BIO ULTRA LS 11%       ,,5/5/2011,2.0194,0.0264,0.244,0.16,0,0,0.0119,0,0,2.4617,2.749,-0.1,2.649,2.462,,2.859
CORP,6369,PETRO GARY                    ,IN,IN466     ,"HAMMOND,IN                    ",365,DIESEL BIO ULTRA LS 11%       ,,8/2/2012,2.0194,0.0283,0.244,0.16,0,0,0.0119,0,0.03,2.4936,2.739,-0.04,2.699,2.494,,2.859
CORP,6380,PETRO GASTON                  ,IN,IN473     ,"MUNCIE, IN                    ",457,DIESEL ULTRA LOW SULFUR       ,,7/18/2012,2.0944,0.0243,0.244,0.16,0,0,0.0119,0,0.02,2.5546,2.739,-0.04,2.699,2.555,,2.859
CORP,6379,PETRO GREENSBURG              ,IN,IN783     ,"INDIANAPOLIS, IN              ",375,DIESEL ULTRA LOW SULFUR       ,,7/25/2012,2.1426,0.0499,0.244,0.16,0,0,0.0119,0,0.02,2.6284,2.739,-0.04,2.699,2.628,,2.859
CORP,6219,TA LAKE STATION               ,IN,IN348     ,"HAMMOND,IN                    ",365,DIESEL BIO ULTRA LS 11%       ,,5/5/2011,2.0194,0.0239,0.244,0.16,0,0,0.0119,0,0.01,2.4692,2.749,-0.1,2.649,2.469,,2.859
CORP,6244,GOASIS NEW LISBON             ,IN,IN254     ,"MUNCIE, IN                    ",457,DIESEL ULTRA LOW SULFUR       ,,11/6/2013,2.0944,0.0418,0.244,0.16,0,0,0.0119,0,0.01,2.5621,2.719,-0.06,2.659,2.562,,
CORP,6220,TA PORTER                     ,IN,IN349     ,"HAMMOND,IN                    ",365,DIESEL BIO ULTRA LS 11%       ,,5/5/2011,2.0194,0.0322,0.244,0.16,0,0,0.0119,0,0.01,2.4775,2.749,-0.1,2.649,2.478,,2.859
CORP,6250,TA PORTER SOUTH               ,IN,IN915     ,"HAMMOND,IN                    ",365,DIESEL BIO ULTRA LS 11%       ,,8/2/2012,2.0194,0.0322,0.244,0.16,0,0,0.0119,0,0.01,2.4775,2.749,-0.05,2.699,2.478,,2.859
CORP,6382,PETRO REMINGTON               ,IN,IN445     ,"HAMMOND,IN                    ",365,DIESEL BIO ULTRA LS 11%       ,,7/17/2012,2.0194,0.051,0.244,0.16,0,0,0.0119,0,0.02,2.5063,2.749,-0.04,2.709,2.506,,2.859
CORP,5014,TA SEYMOUR                    ,IN,IN170     ,"LOUISVILLE, KY                ",415,DIESEL ULTRA LOW SULFUR       ,,5/5/2011,2.154,0.0263,0.244,0.16,0,0,0.0119,0,0.01,2.6062,2.799,-0.06,2.739,2.606,,2.859
CORP,5014,TA SEYMOUR                    ,IN,IN376     ,"LOUISVILLE, KY                ",415,DIESEL ULTRA LOW SULFUR       ,,5/5/2011,2.154,0.0263,0.244,0.16,0,0,0.0119,0,0.01,2.6062,2.799,-0.06,2.739,2.606,,2.859
CORP,306,TA WHITESTOWN                 ,IN,IN250     ,"INDIANAPOLIS, IN              ",375,DIESEL ULTRA LOW SULFUR       ,,5/5/2011,2.1426,0.0268,0.244,0.16,0,0,0.0119,0,0.01,2.5953,2.779,-0.1,2.679,2.595,,2.859
FRAN,6386,PETRO COLBY                   ,KS,KS388     ,"SCOTT CITY, KS                ",525,DIESEL ULTRA LOW SULFUR       ,,7/10/2009,2.0419,0.0532,0.244,0.26,0,0,0.0122,0,0.04,2.6513,2.839,0,2.839,2.651,,2.699
CORP,6252,TA BETO JUNCTION              ,KS,KS300     ,,,,,,,,,,,,,,,,2.859,-0.07,2.789,2.789,,2.869
FRAN,5091,TA OAKLEY                     ,KS,KS050     ,"SCOTT CITY, KS                ",525,DIESEL ULTRA LOW SULFUR       ,,5/21/2009,2.0419,0.05,0.244,0.26,0,0,0.0122,0.03,0.04,2.6781,2.849,0,2.849,2.678,,2.699
CORP,6366,PETRO SALINA                  ,KS,KS127     ,"SALINA, KS                    ",523,DIESEL ULTRA LOW SULFUR       ,,8/2/2012,2.0169,0.0252,0.244,0.26,0,0,0.0122,0,0.02,2.5783,2.879,-0.04,2.839,2.578,,2.869
CORP,5072,TA FLORENCE KY                ,KY,KY025     ,"CINCINNATI, OH                ",300,DIESEL ULTRA LOW SULFUR       ,,5/5/2011,2.1675,0.0258,0.244,0.232,0,0.014,0.0019,0,0.005,2.6902,3.029,-0.13,2.899,2.69,,2.859
CORP,6330,PETRO GLENDALE                ,KY,KY373     ,"LOUISVILLE, KY                ",415,DIESEL ULTRA LOW SULFUR       ,,2/18/2011,2.154,0.045,0.244,0.232,0,0.014,0.0019,0,0.02,2.7109,3.029,-0.04,2.989,2.711,,2.859
CORP,5017,TA WALTON                     ,KY,KY125     ,"CINCINNATI, OH                ",300,DIESEL ULTRA LOW SULFUR       ,,5/5/2011,2.1675,0.0302,0.244,0.232,0,0.014,0.0019,0,0.005,2.6946,3.029,-0.09,2.939,2.695,,2.859
CORP,6343,PETRO EGAN                    ,LA,LA175     ,"BATON ROUGE, LA               ",600,DIESEL ULTRA LOW SULFUR       ,,8/2/2012,1.9482,0.0398,0.244,0.2,0,0.008,0.0032,0,0.02,2.4632,2.919,-0.04,2.879,2.463,,2.879
CORP,6237,TA GREENWOOD                  ,LA,LA856     ,"SHREVEPORT, LA                ",745,DIESEL ULTRA LOW SULFUR       ,,5/5/2011,2.02,0.0199,0.244,0.2,0,0.008,0.0032,0,0.01,2.5051,2.859,-0.1,2.759,2.505,,2.859
CORP,6310,PETRO HAMMOND                 ,LA,LA210     ,"NEW ORLEANS, LA               ",725,DIESEL ULTRA LOW SULFUR       ,,8/2/2012,1.9389,0.0403,0.244,0.2,0,0.008,0.0032,0,0.02,2.4544,2.879,-0.04,2.839,2.454,,2.849
CORP,6310,PETRO HAMMOND                 ,LA,LA255     ,"NEW ORLEANS, LA               ",725,DIESEL ULTRA LOW SULFUR       ,,8/2/2012,1.9389,0.0403,0.244,0.2,0,0.008,0.0032,0,0.02,2.4544,2.879,-0.04,2.839,2.454,,2.849
CORP,770,TA LAFAYETTE                  ,LA,LA047     ,"BATON ROUGE, LA               ",600,DIESEL ULTRA LOW SULFUR       ,,5/5/2011,1.9482,0.048,0.244,0.2,0,0.008,0.0032,0,0.01,2.4614,2.869,-0.1,2.769,2.461,,2.859
CORP,6308,PETRO SHREVEPORT              ,LA,LA205     ,"SHREVEPORT, LA                ",745,DIESEL ULTRA LOW SULFUR       ,,8/2/2012,2.02,0.0234,0.244,0.2,0,0.008,0.0032,0,0.04,2.5386,2.849,-0.04,2.809,2.539,,2.859
CORP,725,TA SLIDELL                    ,LA,LA110     ,"NEW ORLEANS, LA               ",725,DIESEL ULTRA LOW SULFUR       ,,5/5/2011,1.9389,0.0392,0.244,0.2,0,0.008,0.0032,0,0.01,2.4433,2.919,-0.1,2.819,2.443,,2.879
CORP,785,TA TALLULAH                   ,LA,LA248     ,"VICKSBURG, MS                 ",760,DIESEL ULTRA LOW SULFUR       ,,5/5/2011,1.9936,0.0283,0.244,0.2,0,0.008,0.0032,0,0.01,2.4871,2.879,-0.1,2.779,2.487,,2.859
CORP,6216,TA BALTIMORE                  ,MD,MD134     ,"BALTIMORE, MD                 ",22,DIESEL ULTRA LOW SULFUR       ,,5/5/2011,2.2618,0.0445,0.244,0.3105,0,0,0.0038,0,0,2.8646,3.289,-0.05,3.239,2.865,,2.899
CORP,214,TA ELKTON                     ,MD,MD042     ,"PAULSBORO, NJ                 ",150,DIESEL ULTRA LOW SULFUR       ,,5/5/2011,2.4894,0.0445,0.244,0.3105,0,0,0.0038,0,0,3.0922,3.289,-0.05,3.239,3.092,,2.949
CORP,5018,TA JESSUP                     ,MD,MD056     ,"BALTIMORE, MD                 ",22,DIESEL ULTRA LOW SULFUR       ,,5/5/2011,2.2618,0.0341,0.244,0.3105,0,0,0.0038,0,0,2.8542,3.289,-0.05,3.239,2.854,,2.899
CORP,6242,TA BATTLE CREEK               ,MI,MI495     ,"JACKSON, MI                   ",385,DIESEL ULTRA LOW SULFUR       ,,10/3/2012,2.1085,0.0342,0.244,0.15,0.1444,0.0088,0.0019,0,0.01,2.7018,3.029,-0.05,2.979,2.702,,2.859
CORP,304,TA SAGINAW                    ,MI,MI011     ,"BAY CITY, MI                  ",260,DIESEL ULTRA LOW SULFUR       ,,2/18/2011,2.1771,0.0349,0.244,0.15,0.1486,0.0088,0.0019,0,0.01,2.7753,3.019,-0.05,2.969,2.775,,2.869
CORP,312,TA ANN ARBOR                  ,MI,MI049     ,"DETROIT, MI                   ",325,DIESEL ULTRA LOW SULFUR       ,,2/18/2011,2.1312,0.0365,0.244,0.15,0.1459,0.0088,0.0019,0,0.01,2.7283,3.059,-0.05,3.009,2.728,,2.869
CORP,5019,TA MONROE                     ,MI,MI105     ,"TOLEDO, OH                    ",550,DIESEL ULTRA LOW SULFUR       ,,2/18/2011,2.1251,0.0357,0.244,0.15,0.1455,0.0088,0.0019,0,0.01,2.721,3.119,-0.05,3.069,2.721,,2.869
CORP,384,TA SAWYER                     ,MI,MI150     ,"NILES, MI                     ",465,DIESEL ULTRA LOW SULFUR       ,,5/5/2011,2.0434,0.0329,0.244,0.15,0.1405,0.0088,0.0019,0,0.01,2.6315,3.049,-0.08,2.969,2.631,,2.869
CORP,6243,TA TEKONSHA                   ,MI,MI368     ,"JACKSON, MI                   ",385,DIESEL ULTRA LOW SULFUR       ,,10/3/2012,2.1085,0.0379,0.244,0.15,0.1447,0.0088,0.0019,0,0.01,2.7058,3.029,-0.05,2.979,2.706,,2.859
FRAN,6398,PETRO ALBERT LEA              ,MN,MN325     ,"Rochester, MN                 ",515,DIESEL BIO ULTRA LS 5%        ,,5/21/2009,2.0594,0.047,0.244,0.285,0,0,0.0029,0,0.04,2.6783,2.899,0,2.899,2.678,,2.799
FRAN,6389,PETRO CLEARWATER              ,MN,MN906     ,"MINNEAPOLIS, MN               ",448,DIESEL BIO ULTRA LS 5%        ,,7/10/2009,2.0425,0.0475,0.244,0.285,0,0,0.0029,0,0.06,2.6819,2.759,0,2.759,2.682,,2.899
CORP,510,TA ROGERS                     ,MN,MN011     ,"MINNEAPOLIS, MN               ",448,DIESEL BIO ULTRA LS 5%        ,,2/18/2011,2.0425,0.0573,0.244,0.285,0,0,0.0029,0,0.01,2.6417,2.819,-0.05,2.769,2.642,,2.959
CORP,5020,TA CONCORDIA                  ,MO,MO351     ,"KANSAS CITY, KS               ",400,DIESEL ULTRA LOW SULFUR       ,,2/18/2011,2.0288,0.0444,0.244,0.17,0,0.0025,0.0027,0,0.01,2.5024,2.659,-0.05,2.609,2.502,,2.869
CORP,315,TA FORISTELL                  ,MO,MO080     ,"ST. LOUIS, MO                 ",540,DIESEL BIO ULTRA LS 11%       ,,5/5/2011,2.0501,0.0532,0.244,0.17,0,0.0025,0.0024,0,-0.02,2.5022,2.689,-0.1,2.589,2.502,,2.869
FRAN,6354,PETRO JOPLIN                  ,MO,MO335     ,"CARTHAGE,MO                   ",277,DIESEL BIO ULTRA LS 5%        ,,7/10/2009,2.0297,0.0295,0.244,0.17,0,0.0025,0.0024,0.015,0.03,2.5231,2.649,0,2.649,2.523,,2.799
CORP,6318,PETRO KINGDOM CITY            ,MO,MO380     ,"ST. LOUIS, MO                 ",540,DIESEL BIO ULTRA LS 11%       ,,8/2/2012,2.0501,0.0855,0.244,0.17,0,0.0025,0.0024,0,0.02,2.5745,2.689,-0.04,2.649,2.575,,2.869
CORP,701,TA MATTHEWS                   ,MO,MO566     ,"CAPE GIRARDEAU, MO            ",275,DIESEL BIO ULTRA LS 11%       ,,5/5/2011,2.115,0.0427,0.244,0.17,0,0.0025,0.0124,0,0,2.5866,2.819,-0.07,2.749,2.587,,2.869
FRAN,5021,TA MT VERNON                  ,MO,MO314     ,"SPRINGFIELD, MO               ",535,DIESEL ULTRA LOW SULFUR       ,,5/21/2009,2.0356,0.0257,0.244,0.17,0,0.0025,0.0024,0,0.04,2.5202,2.659,0,2.659,2.52,,2.799
CORP,317,TA OAK GROVE                  ,MO,MO125     ,"KANSAS CITY, KS               ",400,DIESEL ULTRA LOW SULFUR       ,,5/5/2011,2.0288,0.0289,0.244,0.17,0,0.0025,0.0027,0,0,2.4769,2.679,-0.07,2.609,2.477,,2.869
FRAN,6370,PETRO OAK GROVE               ,MO,MO130     ,"KANSAS CITY, KS               ",400,DIESEL ULTRA LOW SULFUR       ,,7/10/2009,2.0288,0.0279,0.244,0.17,0,0.0025,0.0024,0,0.03,2.5056,2.639,0,2.639,2.506,,2.799
FRAN,310,TA STRAFFORD                  ,MO,MO225     ,"SPRINGFIELD, MO               ",535,DIESEL ULTRA LOW SULFUR       ,,5/21/2009,2.0356,0.0257,0.244,0.17,0,0.0025,0.0024,0,0.04,2.5202,2.639,0,2.639,2.52,,2.699
CORP,6328,PETRO JACKSON                 ,MS,MS795     ,"COLLINS,MS                    ",620,DIESEL ULTRA LOW SULFUR       ,,8/2/2012,1.9917,0.0402,0.244,0.18,0,0,0.0059,0,0.02,2.4818,2.799,-0.04,2.759,2.482,,2.849
CORP,756,TA MERIDIAN                   ,MS,MS050     ,"MERIDIAN, MS                  ",705,DIESEL ULTRA LOW SULFUR       ,,5/5/2011,2.0263,0.0245,0.244,0.18,0,0,0.0059,0,0.01,2.4907,2.799,-0.08,2.719,2.491,,2.849
CORP,6256,TA MISSOULA                   ,MT,MT152     ,"MISSOULA,MT                   ",820,DIESEL ULTRA LOW SULFUR       ,,1/8/2014,2.0594,0.03,0.244,0.2775,0,0.0075,0.0019,0,0.01,2.6303,2.649,-0.05,2.599,2.599,,2.849
CORP,6221,TA CANDLER                    ,NC,NC057     ,"SPARTANBURG,SC                ",210,DIESEL BIO ULTRA LS 10%       ,,5/5/2011,2.0926,0.0554,0.244,0.375,0,0,0.0044,0,0.01,2.7814,3.079,-0.1,2.979,2.781,,2.879
FRAN,5026,PETRO KENLY                   ,NC,NC011     ,"SELMA, NC                     ",205,DIESEL ULTRA LOW SULFUR       ,,8/2/2012,2.1013,0.0297,0.244,0.375,0,0,0.0044,0,0.03,2.7844,2.989,-0.03,2.959,2.784,,2.799
CORP,6329,PETRO MEBANE                  ,NC,NC712     ,"GREENSBORO, NC                ",65,DIESEL ULTRA LOW SULFUR       ,,8/2/2012,2.1214,0.0389,0.244,0.375,0,0,0.0044,0,0.03,2.8137,2.979,-0.03,2.949,2.814,,2.859
CORP,6251,TA MOCKSVILLE                 ,NC,NC250     ,"CHARLOTTE, NC                 ",46,DIESEL BIO ULTRA LS 10%       ,,8/2/2012,2.074,0.04,0.244,0.375,0,0,0.0044,0,0.01,2.7474,2.85,-0.06,2.79,2.747,,2.859
CORP,5025,TA GREENSBORO                 ,NC,NC314     ,"GREENSBORO, NC                ",65,DIESEL ULTRA LOW SULFUR       ,,5/5/2011,2.1214,0.025,0.244,0.375,0,0,0.0044,0,0,2.7698,2.979,-0.06,2.919,2.77,,2.859
FRAN,6361,PETRO FARGO                   ,ND,ND082     ,"FARGO, ND                     ",341,DIESEL ULTRA LOW SULFUR       ,,7/10/2009,2.0794,0.03,0.244,0.23,0,0,0.0022,0,0.07,2.6556,2.849,0,2.849,2.656,,2.799
CORP,512,TA GRAND ISLAND               ,NE,NE040     ,"DONIPHAN, NE                  ",330,DIESEL ULTRA LOW SULFUR       ,,5/5/2011,2.0455,0.0275,0.244,0.256,0,0,0.0049,0,0.01,2.5879,2.829,-0.06,2.769,2.588,,2.859
CORP,502,TA OGALLALA                   ,NE,NE080     ,"NORTH PLATTE, NE              ",475,DIESEL ULTRA LOW SULFUR       ,,5/5/2011,2.065,0.0588,0.244,0.256,0,0,0.0049,0,0.01,2.6387,2.869,-0.06,2.809,2.639,,2.879
CORP,6362,PETRO YORK                    ,NE,NE163     ,"DONIPHAN, NE                  ",330,DIESEL ULTRA LOW SULFUR       ,,8/2/2012,2.0455,0.0258,0.244,0.256,0,0,0.0049,0,0.02,2.5962,2.819,-0.04,2.779,2.596,,2.859
CORP,6211,TA GREENLAND                  ,NH,NH065     ,"BOSTON,MA                     ",34,DIESEL ULTRA LOW SULFUR       ,,5/5/2011,2.439,0.0545,0.244,0.222,0,0,0.0182,0,0.01,2.9877,3.339,-0.06,3.279,2.988,,2.989
CORP,212,TA BLOOMSBURY                 ,NJ,NJ010     ,"NEWARK,NJ                     ",115,DIESEL ULTRA LOW SULFUR       ,,5/5/2011,2.3597,0.0561,0.244,0.135,0,0,0.0425,0,0,2.8373,3.199,-0.1,3.099,2.837,,2.949
CORP,6314,PETRO BORDENTOWN              ,NJ,NJ115     ,"TRENTON, NJ                   ",230,DIESEL ULTRA LOW SULFUR       ,,8/2/2012,2.4067,0.048,0.244,0.135,0,0,0.0425,0,0.02,2.8962,3.139,-0.04,3.099,2.896,,2.769
CORP,5022,TA COLUMBIA                   ,NJ,NJ015     ,"NEWARK,NJ                     ",115,DIESEL ULTRA LOW SULFUR       ,,2/18/2011,2.3597,0.0581,0.244,0.135,0,0,0.0425,0,0.01,2.8493,3.189,-0.05,3.139,2.849,,2.959
CORP,6218,TA PAULSBORO                  ,NJ,NJ050     ,"PAULSBORO, NJ                 ",150,DIESEL ULTRA LOW SULFUR       ,,5/5/2011,2.4894,0.0313,0.244,0.135,0,0,0.0425,0,-0.01,2.9322,3.129,-0.1,3.029,2.932,,2.859
CORP,424,TA ALBUQUERQUE                ,NM,NM005     ,"ALBUQUERQUE, NM               ",580,DIESEL BIO ULTRA LS 10%       ,,5/5/2011,2.103,0.0232,0.244,0.21,0,0.0188,0.0019,0,0.01,2.6109,2.889,-0.06,2.829,2.611,,2.849
CORP,6385,PETRO DEMING                  ,NM,NM141     ,"EL PASO, TX                   ",640,DIESEL BIO ULTRA LS 10%       ,,8/3/2012,2.0484,0.0853,0.244,0.21,0,0.0188,0.0019,0,0.02,2.6284,2.909,-0.04,2.869,2.628,,2.849
CORP,5024,TA GALLUP                     ,NM,NM045     ,"ALBUQUERQUE, NM               ",580,DIESEL ULTRA LOW SULFUR       ,,5/5/2011,2.103,0.0225,0.244,0.21,0,0.0188,0.0019,0,0.01,2.6102,2.919,-0.06,2.859,2.61,,2.849
CORP,5003,TA LAS CRUCES                 ,NM,NM075     ,"EL PASO, TX                   ",640,DIESEL BIO ULTRA LS 10%       ,,5/5/2011,2.0484,0.0359,0.244,0.21,0,0.0188,0.0019,0,0.01,2.569,2.879,-0.06,2.819,2.569,,2.849
CORP,6313,PETRO MILAN                   ,NM,NM039     ,"ALBUQUERQUE, NM               ",580,DIESEL ULTRA LOW SULFUR       ,,8/2/2012,2.103,0.0225,0.244,0.21,0,0.0188,0.0019,0,0.02,2.6202,2.919,-0.04,2.879,2.62,,2.849
CORP,6229,TA MORIARTY                   ,NM,NM011     ,"ALBUQUERQUE, NM               ",580,DIESEL ULTRA LOW SULFUR       ,,2/18/2011,2.103,0.0311,0.244,0.21,0,0.0188,0.0019,0,0.01,2.6188,2.889,-0.05,2.839,2.619,,2.849
CORP,5004,TA SANTA ROSA                 ,NM,NM100     ,"ALBUQUERQUE, NM               ",580,DIESEL ULTRA LOW SULFUR       ,,5/5/2011,2.103,0.0817,0.244,0.21,0,0.0188,0.0019,0,0.01,2.6694,2.859,-0.06,2.799,2.669,,2.849
CORP,421,TA LAS VEGAS                  ,NV,NV005     ,"LAS VEGAS, NV                 ",910,DIESEL ULTRA LOW SULFUR       ,,2/18/2011,2.1007,0.0267,0.244,0.27,0,0,0.0754,0,0.01,2.7268,2.959,-0.05,2.909,2.727,,2.849
CORP,5058,TA MILL CITY                  ,NV,NV012     ,"SPARKS/RENO, NV               ",966,DIESEL ULTRA LOW SULFUR       ,,2/18/2011,2.1297,0.0756,0.244,0.27,0,0,0.0094,0,0.01,2.7387,2.989,-0.05,2.939,2.739,,2.849
CORP,6331,PETRO NORTH LAS VEGAS         ,NV,NV258     ,"LAS VEGAS, NV                 ",910,DIESEL ULTRA LOW SULFUR       ,,8/2/2012,2.1007,0.0267,0.244,0.27,0,0,0.0754,0,0.04,2.7568,2.959,-0.02,2.939,2.757,,2.849
CORP,428,TA SPARKS                     ,NV,NV017     ,"SPARKS/RENO, NV               ",966,DIESEL ULTRA LOW SULFUR       ,,5/5/2011,2.1297,0.0357,0.244,0.27,0,0,0.2168,0,0,2.8962,2.939,-0.05,2.889,2.889,,2.849
CORP,428,TA SPARKS                     ,NV,NV037     ,"SPARKS/RENO, NV               ",966,DIESEL ULTRA LOW SULFUR       ,,5/5/2011,2.1297,0.0357,0.244,0.27,0,0,0.2168,0,0,2.8962,2.939,-0.05,2.889,2.889,,2.849
CORP,428,TA SPARKS                     ,NV,NV229     ,"SPARKS/RENO, NV               ",966,DIESEL ULTRA LOW SULFUR       ,,5/5/2011,2.1297,0.0357,0.244,0.27,0,0,0.2168,0,0,2.8962,2.939,-0.05,2.889,2.889,,2.849
CORP,6338,PETRO SPARKS                  ,NV,NV276     ,"SPARKS/RENO, NV               ",966,DIESEL ULTRA LOW SULFUR       ,,8/2/2012,2.1297,0.0245,0.244,0.27,0,0,0.2168,0,0.03,2.915,2.939,-0.02,2.919,2.915,,2.849
CORP,6392,PETRO WELLS                   ,NV,NV115     ,"SALT LAKE CITY, UT            ",835,DIESEL ULTRA LOW SULFUR       ,,4/19/2013,2.0687,0.0793,0.244,0.27,0,0,0.0094,0,0.03,2.7014,2.999,-0.02,2.979,2.701,,2.849
CORP,6207,TA BINGHAMTON                 ,NY,NY025     ,"BINGHAMTON, NY                ",32,DIESEL ULTRA LOW SULFUR       ,,5/5/2011,2.4035,0.0327,0.244,0.16,0.1134,0,0.1654,0,-0.01,3.109,3.479,-0.08,3.399,3.109,,2.769
CORP,102,TA PEMBROKE                   ,NY,NY018     ,"BUFFALO, NY                   ",38,DIESEL ULTRA LOW SULFUR       ,,5/5/2011,2.4531,0.0346,0.244,0.16,0.1159,0,0.1654,0,0,3.173,3.469,-0.07,3.399,3.173,,2.959
CORP,6208,TA DANSVILLE                  ,NY,NY072     ,"ROCHESTER, NY                 ",190,DIESEL ULTRA LOW SULFUR       ,,5/5/2011,2.5193,0.0471,0.244,0.16,0.119,0,0.1654,0,0,3.2548,3.419,-0.07,3.349,3.255,,2.949
CORP,6209,TA FULTONVILLE                ,NY,NY045     ,"ALBANY, NY                    ",12,DIESEL ULTRA LOW SULFUR       ,,5/5/2011,2.4126,0.0515,0.244,0.16,0.1149,0,0.1654,0,0,3.1484,3.459,-0.07,3.389,3.148,,2.949
CORP,6210,TA MAYBROOK                   ,NY,NY078     ,"NEWBURGH, NY                  ",120,DIESEL ULTRA LOW SULFUR       ,,5/5/2011,2.3948,0.0351,0.244,0.1675,0.1065,0,0.1654,0,0,3.1133,3.569,-0.07,3.499,3.113,,2.949
CORP,6371,PETRO WATERLOO                ,NY,NY514     ,"ROCHESTER, NY                 ",190,DIESEL ULTRA LOW SULFUR       ,,8/2/2012,2.5193,0.0381,0.244,0.16,0,0,0.2454,0,0.02,3.2268,3.459,-0.04,3.419,3.227,,2.959
CORP,5028,TA DAYTON                     ,OH,OH067     ,"DAYTON, OH                    ",317,DIESEL ULTRA LOW SULFUR       ,,5/5/2011,2.2003,0.0323,0.244,0.28,0,0,0.0162,0,0,2.7728,3.029,-0.09,2.939,2.773,,2.849
CORP,6320,PETRO GIRARD                  ,OH,OH426     ,"YOUNGSTOWN, OH                ",573,DIESEL ULTRA LOW SULFUR       ,,8/2/2012,2.2122,0.0257,0.244,0.28,0,0,0.0163,0,0.04,2.8182,3.019,-0.03,2.989,2.818,,2.849
CORP,186,TA HEBRON                     ,OH,OH100     ,"COLUMBUS,OH                   ",315,DIESEL ULTRA LOW SULFUR       ,,2/23/2013,2.1874,0.0304,0.244,0.28,0,0,0.0161,0,-0.03,2.7279,3.029,-0.11,2.919,2.728,,2.849
CORP,187,TA JEFFERSONVILLE             ,OH,OH125     ,"COLUMBUS,OH                   ",315,DIESEL ULTRA LOW SULFUR       ,,5/5/2011,2.1874,0.0363,0.244,0.28,0,0,0.0161,0,-0.02,2.7438,3.029,-0.1,2.929,2.744,,2.849
CORP,189,TA KINGSVILLE                 ,OH,OH645     ,"CLEVELAND,OH                  ",305,DIESEL ULTRA LOW SULFUR       ,,8/2/2012,2.2533,0.038,0.244,0.28,0,0,0.0166,0,0.01,2.8419,3.029,-0.05,2.979,2.842,,2.849
CORP,118,TA LONDON                     ,OH,OH164     ,"COLUMBUS,OH                   ",315,DIESEL ULTRA LOW SULFUR       ,,5/5/2011,2.1874,0.0289,0.244,0.28,0,0,0.0161,0,-0.03,2.7264,3.029,-0.06,2.969,2.726,,2.849
FRAN,5096,TA NAPOLEON                   ,OH,OH196     ,"TOLEDO, OH                    ",550,DIESEL ULTRA LOW SULFUR       ,,11/12/2012,2.1251,0.0299,0.244,0.28,0,0,0.0157,0,0.01,2.7047,2.919,-0.06,2.859,2.705,,2.759
FRAN,6388,PETRO NAPOLEON                ,OH,OH398     ,,,,,,,,,,,,,,,,2.959,-0.02,2.939,2.939,,2.769
CORP,6357,PETRO NEW PARIS               ,OH,OH418     ,"DAYTON, OH                    ",317,DIESEL ULTRA LOW SULFUR       ,,8/2/2012,2.2003,0.0348,0.244,0.28,0,0,0.0162,0,0.03,2.8053,3.019,-0.04,2.979,2.805,,2.849
CORP,6325,PETRO NORTH BALTIMORE         ,OH,OH397     ,"TOLEDO, OH                    ",550,DIESEL ULTRA LOW SULFUR       ,,2/18/2011,2.1251,0.0328,0.244,0.28,0,0,0.0157,0,0.02,2.7176,2.949,-0.04,2.909,2.718,,2.849
CORP,104,TA NORTH CANTON               ,OH,OH266     ,"AKRON/CANTON, OH              ",249,DIESEL ULTRA LOW SULFUR       ,,5/5/2011,2.167,0.0163,0.244,0.28,0,0,0.016,0,0.01,2.7333,3.029,-0.06,2.969,2.733,,2.849
CORP,6317,PETRO PERRYSBURG              ,OH,OH375     ,"TOLEDO, OH                    ",550,DIESEL ULTRA LOW SULFUR       ,,8/2/2012,2.1251,0.031,0.244,0.28,0,0,0.0157,0,0.04,2.7358,3.029,-0.03,2.999,2.736,,2.849
CORP,5030,TA LODI                       ,OH,OH265     ,"CLEVELAND,OH                  ",305,DIESEL ULTRA LOW SULFUR       ,,2/18/2011,2.2533,0.034,0.244,0.28,0,0,0.0166,0,0.01,2.8378,3.029,-0.05,2.979,2.838,,2.849
CORP,178,TA TOLEDO                     ,OH,OH599     ,"TOLEDO, OH                    ",550,DIESEL ULTRA LOW SULFUR       ,,5/5/2011,2.1251,0.0183,0.244,0.28,0,0,0.0157,0,0.01,2.6931,3.029,-0.06,2.969,2.693,,2.849
FRAN,5082,TA WAPAKONETA                 ,OH,OH902     ,,,,,,,,,,,,,,,,2.959,0,2.959,2.959,,2.849
CORP,120,TA YOUNGSTOWN                 ,OH,OH641     ,"YOUNGSTOWN, OH                ",573,DIESEL ULTRA LOW SULFUR       ,,4/17/2012,2.2122,0.0223,0.244,0.28,0,0,0.0163,0,0.01,2.7848,3.029,-0.06,2.969,2.785,,2.849
CORP,709,TA OKLAHOMA CITY WEST         ,OK,OK377     ,"OKLAHOMA CITY, OK             ",483,DIESEL BIO ULTRA LS 10%       ,,5/5/2011,2.0053,0.0244,0.244,0.13,0,0.01,0.0019,0,0.01,2.4256,2.669,-0.06,2.609,2.426,,2.849
CORP,5032,TA OKLAHOMA CITY EAST         ,OK,OK049     ,"OKLAHOMA CITY, OK             ",483,DIESEL BIO ULTRA LS 10%       ,,5/5/2011,2.0053,0.0244,0.244,0.13,0,0.01,0.0019,0,0.01,2.4256,2.669,-0.06,2.609,2.426,,2.849
CORP,6316,PETRO OKLAHOMA CITY           ,OK,OK240     ,"OKLAHOMA CITY, OK             ",483,DIESEL BIO ULTRA LS 10%       ,,8/2/2012,2.0053,0.0243,0.244,0.13,0,0.01,0.0019,0,0.04,2.4555,2.669,-0.03,2.639,2.456,,2.849
CORP,5074,TA SAYRE                      ,OK,OK120     ,"OKLAHOMA CITY, OK             ",483,DIESEL BIO ULTRA LS 10%       ,,5/5/2011,2.0053,0.0712,0.244,0.13,0,0.01,0.0019,0,0.01,2.4724,2.719,-0.06,2.659,2.472,,2.849
CORP,5086,TA WOODSTOCK                  ,ON,ON636     ,,,,,,,,,,,,,,,,1.209,0,1.209,1.209,,
CORP,435,TA AURORA                     ,OR,OR280     ,"PORTLAND, OR                  ",935,DIESEL BIO ULTRA LS 5%        ,,5/5/2011,2.1047,0.0427,0.244,0,0,0,0.0028,0,0.01,2.4042,2.659,-0.09,2.569,2.404,,2.999
FRAN,5033,TA COBURG                     ,OR,OR452     ,"EUGENE, OR                    ",880,DIESEL BIO ULTRA LS 5%        ,,5/21/2009,2.1228,0.0321,0.244,0,0,0,0.0028,0,0.05,2.4517,2.639,0,2.639,2.452,,2.999
CORP,6324,PETRO PHOENIX                 ,OR,OR049     ,"EUGENE, OR                    ",880,DIESEL BIO ULTRA LS 5%        ,,8/2/2012,2.1228,0.0924,0.244,0,0,0,0.0028,0,0.02,2.482,2.659,-0.04,2.619,2.482,,2.949
CORP,5060,TA TROUTDALE                  ,OR,OR075     ,"PORTLAND, OR                  ",935,DIESEL BIO ULTRA LS 5%        ,,5/5/2011,2.1047,0.0215,0.244,0,0,0,0.0028,0,0.01,2.383,2.659,-0.09,2.569,2.383,,2.949
CORP,6212,TA BLOOMSBURG                 ,PA,PA040     ,"WILLIAMSPORT, PA              ",242,DIESEL BIO ULTRA LS 2%        ,,5/5/2011,2.5097,0.039,0.244,0.642,0,0,0.0019,0,0.01,3.4466,3.529,-0.06,3.469,3.447,,2.859
FRAN,5035,TA BREEZEWOOD                 ,PA,PA082     ,ALTOONA. PA                   ,14,DIESEL BIO ULTRA LS 2%        ,,7/10/2009,2.464,0.038,0.244,0.642,0,0,0.0019,0,0.06,3.4499,3.459,0,3.459,3.45,,2.959
CORP,5036,TA BROOKVILLE                 ,PA,PA398     ,ALTOONA. PA                   ,14,DIESEL BIO ULTRA LS 2%        ,,5/5/2011,2.464,0.0607,0.244,0.642,0,0,0.0019,0,0.01,3.4226,3.569,-0.06,3.509,3.423,,2.849
CORP,6336,PETRO CARLISLE                ,PA,PA100     ,"HARRISBURG, PA                ",70,DIESEL BIO ULTRA LS 2%        ,,2/18/2011,2.4523,0.0255,0.244,0.642,0,0,0.0019,0,0.02,3.3857,3.479,-0.04,3.439,3.386,,2.849
CORP,6378,PETRO SCRANTON                ,PA,PA197     ,"SCRANTON, PA                  ",200,DIESEL BIO ULTRA LS 2%        ,,4/17/2012,2.4149,0.0365,0.244,0.642,0,0,0.0019,0,-0.01,3.3293,3.499,-0.08,3.419,3.329,,2.969
CORP,6213,TA GREENCASTLE                ,PA,PA429     ,"HARRISBURG, PA                ",70,DIESEL BIO ULTRA LS 2%        ,,5/5/2011,2.4523,0.0445,0.244,0.642,0,0,0.0019,0,-0.01,3.3747,3.249,-0.08,3.169,3.169,,2.969
CORP,6215,TA HARBORCREEK                ,PA,PA740     ,"WARREN, PA                    ",240,DIESEL BIO ULTRA LS 2%        ,,5/5/2011,2.335,0.0478,0.244,0.642,0,0,0.0019,0,0.01,3.2807,3.529,-0.06,3.469,3.281,,2.849
CORP,5037,TA HARRISBURG                 ,PA,PA138     ,"HARRISBURG, PA                ",70,DIESEL BIO ULTRA LS 2%        ,,5/5/2011,2.4523,0.0325,0.244,0.642,0,0,0.0019,0,-0.01,3.3627,3.479,-0.08,3.399,3.363,,2.849
CORP,5034,TA BARKEYVILLE                ,PA,PA025     ,"PITTSBURGH, PA                ",165,DIESEL BIO ULTRA LS 2%        ,,5/5/2011,2.4014,0.0588,0.244,0.642,0,0,0.0019,0,0.01,3.3581,3.569,-0.06,3.509,3.358,,2.889
CORP,5038,TA LAMAR                      ,PA,PA150     ,ALTOONA. PA                   ,14,DIESEL BIO ULTRA LS 2%        ,,5/5/2011,2.464,0.0423,0.244,0.642,0,0,0.0019,0,0.01,3.4042,3.529,-0.06,3.469,3.404,,2.849
CORP,6214,TA MILESBURG                  ,PA,PA160     ,ALTOONA. PA                   ,14,DIESEL BIO ULTRA LS 2%        ,,5/5/2011,2.464,0.0438,0.244,0.642,0,0,0.0019,0,0.01,3.4057,3.529,-0.06,3.469,3.406,,2.849
CORP,6253,TA WEST GREENWICH             ,RI,RI100     ,"PROVIDENCE,RI                 ",175,DIESEL ULTRA LOW SULFUR       ,,8/2/2012,2.4509,0.045,0.244,0.32,0,0.01,0.003,0,0.01,3.0829,3.589,-0.06,3.529,3.083,,2.989
CORP,5195,TA FLORENCE                   ,SC,SC404     ,"CHARLOTTE, NC                 ",46,DIESEL BIO ULTRA LS 10%       ,,5/5/2011,2.074,0.0585,0.244,0.16,0,0.005,0.0044,0,-0.03,2.5159,2.929,-0.06,2.869,2.516,,2.849
CORP,6393,PETRO FLORENCE                ,SC,SC101     ,"CHARLOTTE, NC                 ",46,DIESEL BIO ULTRA LS 10%       ,,12/26/2012,2.074,0.0636,0.244,0.16,0,0.005,0.0044,0,0,2.551,2.929,-0.03,2.899,2.551,,2.849
CORP,213,TA MANNING                    ,SC,SC060     ,"NORTH AUGUSTA, SC             ",135,DIESEL BIO ULTRA LS 10%       ,,5/5/2011,2.1296,0.0585,0.244,0.16,0,0.005,0.0044,0,-0.04,2.5615,2.929,-0.07,2.859,2.562,,2.849
CORP,5039,TA SPARTANBURG                ,SC,SC025     ,"SPARTANBURG,SC                ",210,DIESEL BIO ULTRA LS 10%       ,,5/5/2011,2.0926,0.024,0.244,0.16,0,0.005,0.0044,0,-0.02,2.51,2.689,-0.07,2.619,2.51,,2.849
CORP,768,TA ANTIOCH                    ,TN,TN013     ,"NASHVILLE, TN                 ",460,DIESEL ULTRA LOW SULFUR       ,,5/5/2011,2.0952,0.0265,0.244,0.17,0,0.004,0.0119,0,0,2.5516,2.819,-0.07,2.749,2.552,,2.849
FRAN,6201,TA GREENEVILLE                ,TN,TN114     ,,,,,,,,,,,,,,,,2.939,0,2.939,2.939,,2.789
CORP,6245,TA DENMARK                    ,TN,TN161     ,"MEMPHIS, TN                   ",435,DIESEL ULTRA LOW SULFUR       ,,8/2/2012,2.0294,0.0665,0.244,0.17,0,0.004,0.0119,0,0.01,2.5358,2.769,-0.06,2.709,2.536,,2.859
CORP,706,TA FRANKLIN                   ,TN,TN016     ,"NASHVILLE, TN                 ",460,DIESEL ULTRA LOW SULFUR       ,,5/5/2011,2.0952,0.038,0.244,0.17,0,0.004,0.0119,0,0,2.5631,2.829,-0.05,2.779,2.563,,2.849
CORP,6349,PETRO KINGSTON SPRINGS        ,TN,TN425     ,"NASHVILLE, TN                 ",460,DIESEL ULTRA LOW SULFUR       ,,8/2/2012,2.0952,0.0314,0.244,0.17,0,0.004,0.0119,0,0.03,2.5865,2.779,-0.02,2.759,2.587,,2.849
FRAN,755,TA KNOXVILLE WEST             ,TN,TN466     ,,,,,,,,,,,,,,,,2.799,-0.025,2.774,2.774,,2.699
CORP,5040,TA KNOXVILLE                  ,TN,TN282     ,"KNOXVILLE, TN                 ",405,DIESEL BIO ULTRA LS 10%       ,,5/5/2011,2.1069,0.0208,0.244,0.17,0,0.004,0.0119,0,0,2.5576,2.869,-0.07,2.799,2.558,,2.849
CORP,6312,PETRO KNOXVILLE               ,TN,TN249     ,"KNOXVILLE, TN                 ",405,DIESEL BIO ULTRA LS 10%       ,,8/2/2012,2.1069,0.0231,0.244,0.17,0,0.004,0.0119,0,0.03,2.5899,2.869,-0.04,2.829,2.59,,2.849
CORP,5041,TA NASHVILLE                  ,TN,TN273     ,"NASHVILLE, TN                 ",460,DIESEL ULTRA LOW SULFUR       ,,5/5/2011,2.0952,0.0206,0.244,0.17,0,0.004,0.0119,0,0,2.5457,2.819,-0.05,2.769,2.546,,2.849
CORP,5073,TA AMARILLO                   ,TX,TX035     ,"AMARILLO, TX                  ",585,DIESEL BIO ULTRA LS 10%       ,,5/5/2011,2.067,0.0195,0.244,0.2,0,0,0.0033,0,-0.01,2.5238,2.859,-0.06,2.799,2.524,,2.849
CORP,6307,PETRO AMARILLO                ,TX,TX117     ,"AMARILLO, TX                  ",585,DIESEL BIO ULTRA LS 10%       ,,8/2/2012,2.067,0.0244,0.244,0.2,0,0,0.0033,0,0.02,2.5587,2.859,-0.03,2.829,2.559,,2.849
CORP,5044,TA BAYTOWN                    ,TX,XT472     ,"HOUSTON, TX                   ",680,TEX LED ULSD #2- BIO 14%      ,,5/5/2011,1.9789,0.024,0.244,0.2,0,0,0.0033,0,-0.01,2.4402,2.859,-0.06,2.799,2.44,,2.849
CORP,6304,PETRO BEAUMONT                ,TX,TX671     ,"HOUSTON, TX                   ",680,DIESEL TEX LED ULS            ,,8/2/2012,1.9789,0.0235,0.244,0.2,0,0,0.0033,0,0.02,2.4697,2.859,-0.04,2.819,2.47,,2.849
CORP,6230,TA BIG SPRING                 ,TX,XT459     ,"BIG SPRING, TX                ",612,DIESEL ULTRA LOW SULFUR       ,,5/5/2011,2.0205,0.0229,0.244,0.2,0,0,0.0033,0,-0.01,2.4807,2.819,-0.06,2.759,2.481,,2.849
CORP,6340,PETRO CARLS CORNER            ,TX,XT567     ,"DALLAS/SOUTHLAKE, TX          ",634,TEX LED ULSD #2 - BIO 10%     ,,5/5/2011,2.0796,0.027,0.244,0.2,0,0,0.0033,0,0,2.5539,2.879,-0.06,2.819,2.554,,2.849
CORP,5078,TA DALLAS SOUTH               ,TX,TX742     ,"DALLAS/SOUTHLAKE, TX          ",634,TEX LED ULSD #2 - BIO 10%     ,,5/5/2011,2.0796,0.0269,0.244,0.2,0,0,0.0033,0,-0.025,2.5288,2.749,-0.1,2.649,2.529,,2.849
FRAN,769,TA DENTON                     ,TX,TX063     ,,,,,,,,,,,,,,,,2.999,-0.04,2.959,2.959,,3.999
CORP,5085,TA EDINBURG                   ,TX,TX109     ,"EDINBURG, TX                  ",639,DIESEL BIO ULTRA LS 5%        ,,5/5/2011,1.9997,0.0272,0.244,0.2,0,0,0.0033,0,0,2.4742,2.819,-0.06,2.759,2.474,,2.849
CORP,6301,PETRO EL PASO                 ,TX,TX133     ,"EL PASO, TX                   ",640,DIESEL BIO ULTRA LS 10%       ,,8/2/2012,2.0484,0.0133,0.244,0.2,0,0,0.0033,0,0.02,2.529,2.859,-0.04,2.819,2.529,,2.849
CORP,6231,TA GANADO                     ,TX,XT464     ,"VICTORIA/PLACEDO, TX          ",762,DIESEL TEX LED ULS            ,,5/5/2011,2.0148,0.0318,0.244,0.2,0,0,0.0033,0,0,2.4939,2.899,-0.05,2.849,2.494,,2.849
CORP,6153,TA LAREDO                     ,TX,XT265     ,"LAREDO, TX                    ",693,DIESEL ULTRA LOW SULFUR       ,,5/5/2011,2.0358,0.0505,0.244,0.2,0,0,0.0033,0,0,2.5336,2.859,-0.05,2.809,2.534,,2.849
CORP,6232,TA NEW BRAUNFELS              ,TX,XT467     ,"SAN ANTONIO, TX               ",740,TEX LED ULSD #2- BIO 14%      ,,5/5/2011,1.9874,0.0275,0.244,0.2,0,0,0.0033,0,0,2.4622,2.879,-0.05,2.829,2.462,,2.849
CORP,6394,PETRO PEARSALL                ,TX,TE100     ,"SAN ANTONIO, TX               ",740,DIESEL BIO ULTRA LS 14%       ,,10/21/2013,1.9916,0.047,0.244,0.2,0,0,0.0033,0,0.03,2.5159,2.879,-0.02,2.859,2.516,,2.799
CORP,729,TA ROCKWALL                   ,TX,TX027     ,"DALLAS/METRO, TX              ",630,TEX LED ULSD #2 - BIO 10%     ,,5/5/2011,2.0256,0.0309,0.244,0.2,0,0,0.0033,0,0,2.5038,2.869,-0.09,2.779,2.504,,2.849
CORP,5076,TA SAN ANTONIO                ,TX,TX418     ,"SAN ANTONIO, TX               ",740,TEX LED ULSD #2- BIO 14%      ,,5/5/2011,1.9874,0.028,0.244,0.2,0,0,0.0033,0,0,2.4627,2.879,-0.05,2.829,2.463,,2.849
CORP,6305,PETRO SAN ANTONIO             ,TX,XT180     ,"SAN ANTONIO, TX               ",740,TEX LED ULSD #2- BIO 14%      ,,8/2/2012,1.9874,0.028,0.244,0.2,0,0,0.0033,0,0.03,2.4927,2.879,-0.02,2.859,2.493,,2.849
FRAN,713,TA SWEETWATER                 ,TX,TX285     ,"ABILENE, TX                   ",575,DIESEL ULTRA LOW SULFUR       ,,5/21/2009,2.0434,0.0525,0.244,0.2,0,0,0.0033,0,0.04,2.5832,2.799,0,2.799,2.583,,2.849
CORP,6233,TA TERRELL                    ,TX,XT470     ,"DALLAS/SOUTHLAKE, TX          ",634,TEX LED ULSD #2 - BIO 10%     ,,5/5/2011,2.0796,0.0316,0.244,0.2,0,0,0.0033,0,0,2.5585,2.739,-0.05,2.689,2.559,,2.849
CORP,6350,PETRO VINTON                  ,TX,TX116     ,"EL PASO, TX                   ",640,DIESEL BIO ULTRA LS 10%       ,,8/2/2012,2.0484,0.0165,0.244,0.2,0,0,0.0033,0,0.02,2.5322,2.859,-0.04,2.819,2.532,,2.849
CORP,6302,PETRO WEATHERFORD             ,TX,TX451     ,"DALLAS/SOUTHLAKE, TX          ",634,TEX LED ULSD #2 - BIO 10%     ,,2/18/2011,2.0796,0.0405,0.244,0.2,0,0,0.0033,0,0.02,2.5874,2.799,-0.04,2.759,2.587,,2.849
CORP,5064,TA PAROWAN                    ,UT,UT251     ,"LAS VEGAS, NV                 ",910,DIESEL ULTRA LOW SULFUR       ,,5/5/2011,2.1007,0.0909,0.244,0.245,0,0.0065,0.0019,0,0,2.689,2.899,-0.05,2.849,2.689,,2.799
CORP,425,TA TOOELE                     ,UT,UT179     ,"SALT LAKE CITY, UT            ",835,DIESEL ULTRA LOW SULFUR       ,,5/5/2011,2.0687,0.0227,0.244,0.245,0,0.0065,0.0019,0,0,2.5888,2.799,-0.065,2.734,2.589,,2.999
CORP,210,TA RICHMOND                   ,VA,VA030     ,"RICHMOND, VA                  ",180,DIESEL BIO ULTRA LS 10%       ,,5/5/2011,2.0978,0.0345,0.244,0.202,0,0.006,0.0019,0,-0.03,2.5562,2.769,-0.1,2.669,2.556,,2.849
CORP,5045,TA ASHLAND                    ,VA,VA049     ,"RICHMOND, VA                  ",180,DIESEL BIO ULTRA LS 10%       ,,5/5/2011,2.0978,0.0234,0.244,0.202,0,0.006,0.0019,0,-0.02,2.5551,2.769,-0.08,2.689,2.555,,2.849
FRAN,6372,PETRO GLADE SPRING            ,VA,VA508     ,,,,,,,,,,,,,,,,2.859,0,2.859,2.859,,2.799
FRAN,6202,TA LEXINGTON                  ,VA,VA244     ,"ROANOKE, VA                   ",185,DIESEL ULTRA LOW SULFUR       ,,12/27/2011,2.078,0.045,0.244,0.202,0,0.006,0.0019,0,0.035,2.6119,2.839,0,2.839,2.612,,2.799
FRAN,6396,PETRO RAPHINE                 ,VA,VA262     ,"ROANOKE, VA                   ",185,DIESEL ULTRA LOW SULFUR       ,,6/29/2011,2.078,0.045,0.244,0.202,0,0.006,0.0019,0,0.035,2.6119,2.839,0,2.839,2.612,,2.799
CORP,217,TA WYTHEVILLE                 ,VA,VA005     ,"ROANOKE, VA                   ",185,DIESEL ULTRA LOW SULFUR       ,,5/5/2011,2.078,0.0526,0.244,0.202,0,0.006,0.0019,0,0,2.5845,2.889,-0.065,2.824,2.585,,2.849
CORP,5087,TA SEATTLE EAST               ,WA,WA015     ,SEATTLE WA                    ,962,DIESEL ULTRA LOW SULFUR       ,,5/5/2011,2.0679,0.0467,0.244,0.375,0.0166,0.001,0.0019,0,0.01,2.7631,3.469,-0.14,3.329,2.763,,2.969
CORP,6339,PETRO SPOKANE                 ,WA,WA119     ,"SPOKANE, WA                   ",970,DIESEL ULTRA LOW SULFUR       ,,8/2/2012,2.1273,0.0229,0.244,0.375,0.0169,0.001,0.0019,0,0.02,2.809,3.509,-0.04,3.469,2.809,,2.919
CORP,307,TA MADISON                    ,WI,WI043     ,"MADISON, WI                   ",420,DIESEL ULTRA LOW SULFUR       ,,5/5/2011,2.0558,0.022,0.244,0.309,0,0.02,0.0019,0,0,2.6527,2.979,-0.05,2.929,2.653,,2.859
CORP,504,TA HUDSON                     ,WI,WI102     ,"ST. PAUL / ASHLAND, MN        ",450,DIESEL ULTRA LOW SULFUR       ,,5/5/2011,1.9934,0.0282,0.244,0.309,0,0.02,0.0019,0,0,2.5965,3.029,-0.05,2.979,2.597,,2.959
FRAN,5048,TA JANESVILLE                 ,WI,WI187     ,"MADISON, WI                   ",420,DIESEL ULTRA LOW SULFUR       ,,5/21/2009,2.0558,0.027,0.244,0.309,0,0.02,0.0019,0,0.04,2.6977,2.939,0,2.939,2.698,,2.799
FRAN,6353,PETRO PORTAGE                 ,WI,WI122     ,,,,,,,,,,,,,,,,2.969,-0.02,2.949,2.949,,2.799
FRAN,6368,PETRO RACINE                  ,WI,WI374     ,,,,,,,,,,,,,,,,2.939,-0.02,2.919,2.919,,2.799
CORP,198,TA HURRICANE                  ,WV,WV050     ,"ASHLAND, KY                   ",255,DIESEL ULTRA LOW SULFUR       ,,5/5/2011,2.0835,0.0345,0.244,0.346,0,0,0.0019,0,0,2.7099,3.049,-0.13,2.919,2.71,,2.849
CORP,5047,TA WHEELING                   ,WV,WV299     ,"PITTSBURGH, PA                ",165,DIESEL ULTRA LOW SULFUR       ,,5/5/2011,2.387,0.0393,0.244,0.346,0,0,0.0019,0,0,3.0182,3.599,-0.11,3.489,3.018,,2.949
CORP,5065,TA CHEYENNE                   ,WY,WY115     ,"CHEYENNE, WY                  ",795,DIESEL ULTRA LOW SULFUR       ,,5/5/2011,2.1114,0.0183,0.244,0.23,0,0.01,0.0019,0,0,2.6156,2.739,-0.08,2.659,2.616,,2.869
CORP,5067,TA FT BRIDGER                 ,WY,WY116     ,"SALT LAKE CITY, UT            ",835,DIESEL ULTRA LOW SULFUR       ,,5/5/2011,2.0687,0.0579,0.244,0.23,0,0.01,0.0019,0,0,2.6125,2.919,-0.08,2.839,2.613,,2.869
CORP,6303,PETRO LARAMIE                 ,WY,WY314     ,"CHEYENNE, WY                  ",795,DIESEL ULTRA LOW SULFUR       ,,8/2/2012,2.1114,0.0364,0.244,0.23,0,0.01,0.0019,0,0.02,2.6537,2.739,-0.04,2.699,2.654,,2.869
CORP,6234,TA RAWLINS                    ,WY,WY101     ,"CHEYENNE, WY                  ",795,DIESEL ULTRA LOW SULFUR       ,,5/5/2011,2.1114,0.0174,0.244,0.23,0,0.01,0.0019,0,0,2.6147,2.959,-0.07,2.889,2.615,,2.869
